{
  "manual_mf_params": {
    "Pregnancies": {
      "range": [
        0,
        18
      ],
      "low": [
        0,
        0,
        3,
        6
      ],
      "medium": [
        3,
        6,
        9
      ],
      "high": [
        6,
        9,
        17
      ]
    },
    "Glucose": {
      "range": [
        0,
        200
      ],
      "low": [
        0,
        0,
        100,
        125
      ],
      "medium": [
        100,
        125,
        150
      ],
      "high": [
        125,
        150,
        200
      ]
    },
    "BloodPressure": {
      "range": [
        0,
        130
      ],
      "low": [
        0,
        0,
        60,
        80
      ],
      "medium": [
        60,
        80,
        100
      ],
      "high": [
        80,
        100,
        130
      ]
    },
    "SkinThickness": {
      "range": [
        0,
        100
      ],
      "low": [
        0,
        0,
        20,
        35
      ],
      "medium": [
        20,
        35,
        50
      ],
      "high": [
        35,
        50,
        100
      ]
    },
    "Insulin": {
      "range": [
        0,
        850
      ],
      "low": [
        0,
        0,
        100,
        200
      ],
      "medium": [
        100,
        200,
        300
      ],
      "high": [
        200,
        300,
        850
      ]
    },
    "BMI": {
      "range": [
        0,
        70
      ],
      "low": [
        0,
        0,
        25,
        30
      ],
      "medium": [
        25,
        30,
        35
      ],
      "high": [
        30,
        35,
        70
      ]
    },
    "DiabetesPedigreeFunction": {
      "range": [
        0,
        2.5
      ],
      "low": [
        0,
        0,
        0.3,
        0.6
      ],
      "medium": [
        0.3,
        0.6,
        1.0
      ],
      "high": [
        0.6,
        1.0,
        2.5
      ]
    },
    "Age": {
      "range": [
        0,
        100
      ],
      "low": [
        0,
        0,
        25,
        40
      ],
      "medium": [
        25,
        40,
        55
      ],
      "high": [
        40,
        55,
        100
      ]
    }
  },
  "ga_mf_params": {
    "Pregnancies": {
      "range": [
        0,
        18
      ],
      "low": [
        0.0,
        0.0,
        3.0157310991545496,
        6.140941781294226
      ],
      "medium": [
        1.649803585562269,
        5.797138711852217,
        7.868549797042496
      ],
      "high": [
        5.57286154493612,
        9.360886895135696,
        18.0
      ]
    },
    "Glucose": {
      "range": [
        0,
        200
      ],
      "low": [
        0.0,
        2.1348446342666696,
        100.22741367458119,
        122.96851486546366
      ],
      "medium": [
        102.92535920025325,
        124.55882785549359,
        147.52350840962248
      ],
      "high": [
        124.03584247504102,
        151.23879436282687,
        198.3088263415881
      ]
    },
    "BloodPressure": {
      "range": [
        0,
        130
      ],
      "low": [
        0.0,
        0.7310616344757369,
        60.73489971332617,
        78.47917047388661
      ],
      "medium": [
        58.586885083145035,
        80.6961498120729,
        95.65574697550802
      ],
      "high": [
        75.77760867687033,
        97.8446673362427,
        129.35965854486446
      ]
    },
    "SkinThickness": {
      "range": [
        0,
        100
      ],
      "low": [
        0.9327226967940138,
        4.426068650848656,
        22.572978869606057,
        34.52018441010972
      ],
      "medium": [
        19.942951376291933,
        31.992411906086573,
        49.94446059202283
      ],
      "high": [
        34.13402408323959,
        50.96815568101427,
        97.51830716934303
      ]
    },
    "Insulin": {
      "range": [
        0,
        850
      ],
      "low": [
        1.5580395427235167,
        4.598216739007733,
        99.67371955462943,
        201.20513516629683
      ],
      "medium": [
        102.07043197513333,
        198.7963385843425,
        300.67227744543123
      ],
      "high": [
        200.03777720234538,
        300.2930282956465,
        847.6809706484336
      ]
    },
    "BMI": {
      "range": [
        0,
        70
      ],
      "low": [
        0.07353052277682814,
        1.4939948737363493,
        29.353430823385125,
        32.87781247825562
      ],
      "medium": [
        31.45954737253467,
        32.482347430332084,
        32.79384035734859
      ],
      "high": [
        29.072362872446355,
        35.99379029421069,
        70.0
      ]
    },
    "DiabetesPedigreeFunction": {
      "range": [
        0,
        2.5
      ],
      "low": [
        0.0,
        0.0,
        0.0,
        0.0
      ],
      "medium": [
        0.7839696352589984,
        2.5,
        2.5
      ],
      "high": [
        0.5646407361846273,
        2.0849080751429026,
        2.5
      ]
    },
    "Age": {
      "range": [
        0,
        100
      ],
      "low": [
        1.0841868165252417,
        4.614109699397908,
        24.892521882670145,
        44.69393096744202
      ],
      "medium": [
        17.140764687730766,
        42.46570751312567,
        55.26114120471451
      ],
      "high": [
        39.1029779486024,
        64.23664242536572,
        100.0
      ]
    }
  },
  "anfis_mf_params": {
    "means": [
      [
        0.2677954137325287,
        0.5775815844535828,
        0.8107239007949829
      ],
      [
        0.12782986462116241,
        0.14404721558094025,
        0.8982945084571838
      ],
      [
        0.2666704058647156,
        0.5114890933036804,
        1.0523531436920166
      ],
      [
        0.15922947227954865,
        0.26183247566223145,
        0.9796648025512695
      ],
      [
        0.3632763922214508,
        0.19863903522491455,
        0.7136861085891724
      ],
      [
        0.03698568046092987,
        0.9137827157974243,
        0.9415979385375977
      ],
      [
        -0.09461235255002975,
        0.3598834276199341,
        1.1867722272872925
      ],
      [
        -0.05900753289461136,
        -0.23041242361068726,
        0.35761523246765137
      ]
    ],
    "sigmas": [
      [
        0.2561151683330536,
        0.12499052286148071,
        0.19778679311275482
      ],
      [
        0.500031054019928,
        0.4869527220726013,
        0.13787157833576202
      ],
      [
        0.44724002480506897,
        0.1921144723892212,
        0.1322501301765442
      ],
      [
        -0.1251704841852188,
        -0.2257486879825592,
        0.251305490732193
      ],
      [
        -0.1835435926914215,
        -0.03262289986014366,
        0.11523734033107758
      ],
      [
        0.0957883894443512,
        0.18235087394714355,
        0.18912164866924286
      ],
      [
        -0.18852655589580536,
        0.2576323449611664,
        0.036002203822135925
      ],
      [
        0.12714606523513794,
        1.0170226097106934,
        -0.19868364930152893
      ]
    ]
  },
  "features": [
    "Pregnancies",
    "Glucose",
    "BloodPressure",
    "SkinThickness",
    "Insulin",
    "BMI",
    "DiabetesPedigreeFunction",
    "Age"
  ],
  "performance": {
    "fis_manual_accuracy": 0.6818181818181818,
    "fis_ga_accuracy": 0.6948051948051948,
    "anfis_accuracy": 0.8571428571428571
  }
}